Arp,Name,RAJ2000,DEJ2000,VT,dim1,dim2
249,UGC 12891,00 00 19.3,+22 59 26,16.2,,
249,UGC 12891,00 00 21.6,+22 59 42,16.2,1.3,0.5
112,NGC 7805,00 01 26.9,+31 26 02,13.3,1.2,0.9
112,NGC 7806,00 01 30.2,+31 26 33,13.5,1.1,0.8
130,IC 5378,00 02 37.7,+16 39 08,15.6,0.5,
130,IC 5378,00 02 37.8,+16 38 37,15.3,,
51,MGC-02-01-24,00 06 16.8,-13 26 53,15.0,0.8,
144,NGC 7828,00 06 27.1,-13 24 58,14.4,0.9,0.5
144,NGC 7829,00 06 29.0,-13 25 15,14.6,0.7,
146,ARP 146,00 06 44.0,-06 38 07,,0.7,0.6
146,VV 790,00 06 44.4,-06 38 10,,,
146,ARP 146,00 06 44.8,-06 38 14,,0.7,0.6
246,NGC 7837,00 06 51.4,+08 21 05,14.4,0.4,0.2
246,NGC 7838,00 06 53.7,+08 21 00,14.3,0.7,0.3
235,NGC 0014,00 08 46.2,+15 48 56,12.7,2.8,2.1
113,NGC 0070,00 18 22.4,+30 04 50,14.5,1.4,1.2
256,MCG-02-01-52,00 18 50.0,-10 21 42,13.6,1.1,0.8
256,MCG-02-01-51,00 18 50.9,-10 22 37,14.8,1.1,0.6
256,VV 352,00 18 51.4,-10 22 33,,,
65,NGC 0091,00 21 51.7,+22 24 01,13.7,2.2,
35,UGC 00212,00 22 21.4,-01 20 47,15.5,,
35,UGC 00212,00 22 23.0,-01 18 13,15.0,1.5,0.7
201,UGC 00224,00 23 33.7,-00 29 22,16.0,0.5,0.3
201,UGC 00224,00 23 37.7,-00 30 35,16.0,,
100,IC 0018,00 28 38.1,-11 34 25,15.0,1.5,0.8
100,IC 0019,00 28 39.5,-11 38 27,15.0,0.8,0.5
19,NGC 0145,00 31 45.0,-05 09 12,13.2,1.8,1.3
282,NGC 0169,00 36 52.0,+23 59 30,12.4,2.7,0.7
282,IC 1559,00 36 52.2,+23 59 04,14.0,0.8,0.5
127,NGC 0191,00 38 59.2,-09 00 07,12.5,1.5,1.2
127,IC 1563,00 39 00.1,-09 00 52,14.2,0.7,0.4
168,MESSIER 32,00 42 41.8,+40 51 52,9.0,8.8,6.5
231,IC 1575,00 43 33.3,-04 07 05,14.5,,
230,IC 0051,00 46 24.2,-13 26 32,13.0,1.4,1.2
140,NGC 0274,00 51 01.7,-07 03 24,13.0,1.5,
140,NGC 0275,00 51 04.6,-07 03 48,12.5,1.6,1.1
251,VV 674,00 53 46.9,-13 51 40,15.5,0.9,0.4
121,MCG-01-03-052,00 59 23.3,-04 48 50,14.5,0.9,0.7
121,MCG-01-03-051,00 59 23.5,-04 48 15,14.5,2.1,0.6
59,NGC 0341A,01 00 45.7,-09 11 08,14.5,1.1,
59,NGC 0341B,01 00 47.6,-09 11 15,14.7,0.3,0.2
331,NGC 0379,01 07 15.7,+32 31 17,12.6,1.4,0.8
331,NGC 0380,01 07 18.0,+32 29 02,12.5,1.4,1.2
331,NGC 0382,01 07 23.8,+32 24 13,14.0,0.7,
331,NGC 0383,01 07 24.9,+32 24 45,11.9,1.6,1.4
331,NGC 0384,01 07 25.0,+32 17 34,13.0,1.1,0.9
331,NGC 0385,01 07 27.6,+32 19 16,12.9,1.1,1.0
331,NGC 0386,01 07 31.2,+32 21 44,14.1,0.9,0.8
331,NGC 0388,01 07 47.1,+32 18 36,14.3,0.9,0.8
236,IC 1623A,01 07 47.6,-17 30 24,14.3,0.5,0.4
236,IC 1623B,01 07 49.6,-17 30 18,15.5,0.7,0.6
11,UGC 00717,01 09 23.1,+14 20 12,14.4,1.5,1.0
164,NGC 0455,01 15 57.2,+05 10 40,12.6,2.0,1.2
128,UGC 00827,01 17 24.4,+14 41 48,15.4,0.7,0.2
128,UGC 00827,01 17 29.3,+14 42 09,16.8,,
88,VV 445,01 19 05.6,+12 28 45,,,
119,UGC 00849,01 19 24.1,+12 26 49,14.7,,
119,UGC 00849,01 19 24.5,+12 27 43,14.9,,
227,NGC 0470,01 19 45.5,+03 24 37,11.9,2.8,1.8
48,CGCG 436-026,01 19 56.6,+12 20 44,15.7,,
227,NGC 0474,01 20 06.7,+03 25 01,11.5,7.1,6.3
67,UGC 00892,01 21 16.8,-00 32 42,14.0,1.6,1.5
8,NGC 0497,01 22 23.2,-00 52 29,13.0,2.1,0.9
70,UGC 00934,01 23 26.8,+30 46 20,17.0,,
70,UGC 00934,01 23 28.3,+30 47 05,15.0,1.7,0.6
229,NGC 0507,01 23 39.7,+33 15 23,14.1,3.1,
229,NGC 0508,01 23 40.6,+33 16 51,13.5,1.3,
157,NGC 0520,01 24 35.2,+03 47 37,11.5,4.5,1.8
158,NGC 0523,01 25 19.6,+34 01 29,13.5,2.5,0.7
133,NGC 0541,01 25 44.2,-01 22 47,12.1,1.8,1.8
308,NGC 0545,01 25 59.2,-01 20 25,12.2,2.4,1.6
308,NGC 0547,01 26 00.6,-01 20 44,12.2,1.3,
98,UGC 01095,01 32 08.5,+32 06 13,16.0,1.1,0.5
98,UGC 01095,01 32 16.8,+32 05 25,15.0,0.3,
306,UGC 01102,01 32 29.1,+04 35 45,14.6,1.3,1.1
306,UGC 01102,01 32 29.7,+04 35 24,,,
306,UGC 01105,01 32 41.8,+04 38 24,14.5,0.9,0.6
4,MCG-02-05-50 +A,01 48 25.6,-12 22 55,13.7,2.8,2.4
228,IC 0162,01 48 53.4,+10 31 18,13.7,1.6,
31,IC 0167,01 51 08.2,+21 54 51,13.6,2.9,1.9
75,NGC 0702,01 51 18.3,-04 03 21,11.9,1.6,1.2
56,UGC 01432,01 57 25.7,+17 13 03,14.6,0.9,0.6
166,NGC 0750,01 57 32.4,+33 12 36,12.9,1.7,1.3
166,NGC 0751,01 57 32.6,+33 12 22,13.5,1.4,
126,UGC 01449,01 58 05.4,+03 06 05,14.5,1.2,0.7
126,UGC 01449,01 58 05.6,+03 05 06,13.9,0.4,0.3
78,NGC 0770,01 59 13.6,+18 57 16,13.9,1.1,0.7
78,NGC 0772,01 59 20.3,+19 00 22,10.3,7.3,4.3
290,IC 0195,02 03 44.6,+14 42 31,14.3,1.6,0.8
290,IC 0196,02 03 50.0,+14 44 23,14.2,2.8,1.4
74,UGC 01626,02 08 21.3,+41 28 46,14.1,1.6,1.5
318,NGC 0833,02 09 20.6,-10 07 59,12.7,1.5,0.7
318,NGC 0835,02 09 24.6,-10 08 09,12.1,1.3,1.1
318,NGC 0838,02 09 38.4,-10 08 48,13.4,1.2,0.9
318,NGC 0839,02 09 42.9,-10 11 02,13.1,1.5,0.7
10,UGC 01775,02 18 26.3,+05 39 14,13.8,1.5,1.5
273,UGC 01810,02 21 28.7,+39 22 31,13.7,2.2,1.5
273,UGC 01813,02 21 32.4,+39 21 23,15.3,1.5,0.4
145,ARP 145,02 23 08.0,+41 22 12,13.8,,
145,UGC 01840,02 23 08.4,+41 22 20,18.8,1.6,1.3
145,ARP 145,02 23 11.4,+41 22 05,17.8,,
54,PGC 9107,02 23 59.1,-04 41 48,17.1,0.5,0.3
54,MCG-01-07-007,02 24 01.8,-04 41 38,15.0,1.0,0.6
276,NGC 0935,02 28 10.9,+19 35 59,12.9,1.7,1.1
276,IC 1801,02 28 11.8,+19 34 24,14.8,1.3,0.6
309,NGC 0943,02 29 09.4,-10 49 37,11.4,3.4,
309,NGC 0942,02 29 10.2,-10 50 10,11.2,3.4,
258,Hickson 18D,02 39 04.6,+18 23 38,14.6,,
258,Hickson 18C,02 39 05.9,+18 23 18,16.1,,
258,UGC 02140,02 39 06.2,+18 22 58,15.4,1.7,0.7
258,UGC 02140A,02 39 09.3,+18 22 03,15.5,0.9,0.2
333,NGC 1024,02 39 12.2,+10 50 50,12.1,3.9,1.4
135,NGC 1023,02 40 24.0,+39 03 46,9.3,8.8,3.0
37,MESSIER 77,02 42 40.7,-00 00 47,8.9,7.1,6.1
77,NGC 1097A,02 46 09.9,-30 13 45,13.6,0.8,0.5
77,NGC 1097,02 46 19.1,-30 16 28,9.2,9.4,6.3
131,MCG-03-08-25,02 47 19.8,-14 48 07,14.5,1.0,0.7
131,MCG-03-08-26,02 47 33.9,-14 46 30,15.0,0.7,0.4
190,UGC 02320,02 50 19.9,+12 53 22,15.2,0.5,0.3
200,NGC 1134,02 53 41.1,+13 00 55,12.1,2.5,0.9
118,NGC 1143,02 55 09.7,-00 10 40,13.2,,
118,NGC 1144,02 55 11.1,-00 10 37,12.9,,
179,NPM1G -04.0134,03 01 40.9,-04 40 18,16.6,,
108,ESO 547-G002,03 03 05.5,-22 13 02,15.0,0.6,0.4
108,ESO 547-G003,03 03 07.2,-22 12 24,14.0,1.0,0.7
332,NGC 1229,03 08 11.0,-22 57 37,13.9,1.4,0.9
332,NGC 1228,03 08 11.0,-22 55 28,13.2,1.5,0.9
332,NGC 1230,03 08 16.4,-22 59 03,15.4,0.6,0.2
332,MCG-4-8-29,03 08 26.0,-23 02 17,16.8,0.6,0.3
332,IC 1892,03 08 27.9,-23 03 04,13.2,2.0,1.1
41,NGC 1232,03 09 45.3,-20 34 44,10.1,7.5,6.5
41,NGC 1232A,03 09 45.3,-20 34 44,14.7,0.9,0.8
304,NGC 1241,03 11 14.7,-08 55 20,12.0,2.8,1.7
147,IC 0298,03 11 18.3,+01 18 50,15.0,0.7,0.5
304,NGC 1242,03 11 19.2,-08 54 07,13.7,1.2,0.7
279,NGC 1253,03 14 09.1,-02 49 22,11.7,5.3,2.3
279,NGC 1253A,03 14 23.2,-02 48 13,13.9,1.7,1.0
154,NGC 1316,03 22 41.5,-37 12 34,8.2,12.1,8.6
39,NGC 1347,03 29 42.0,-22 16 45,13.0,1.6,1.3
219,UGC 02812,03 39 51.9,-02 06 48,14.9,0.9,0.8
213,IC 0356,04 07 47.1,+69 48 47,10.5,5.3,3.9
20,UGC 03014,04 19 53.7,+02 05 43,14.4,1.2,0.7
210,NGC 1569,04 30 49.0,+64 50 53,11.0,3.7,1.8
186,NGC 1614,04 33 59.8,-08 34 44,13.6,1.3,1.2
61,UGC 03104,04 36 42.0,-02 17 13,15.1,1.0,0.5
180,MCG-01-13-034,04 53 22.3,-04 48 08,14.8,1.1,0.5
259,NGC 1741,05 01 35.4,-04 15 24,18.5,,
259,NGC 1741,05 01 35.4,-04 15 50,15.2,,
259,NGC 1741,05 01 37.8,-04 15 28,13.3,1.4,0.7
259,NGC 1741,05 01 38.7,-04 15 34,15.6,,
187,MCG-02-13-040A,05 04 53.0,-10 14 52,15.0,0.9,0.4
52,CGCG 421-027,05 19 44.0,+03 43 01,15.6,,
327,NGC 1875,05 21 45.9,+06 41 19,13.6,1.6,0.5
327,MCG+01-14-031,05 21 47.7,+06 41 01,18.3,,
327,MCG+01-14-031,05 21 48.9,+06 40 55,17.1,,
327,MCG+01-14-031,05 21 49.9,+06 40 36,17.4,,
123,NGC 1888,05 22 32.3,-11 29 42,12.0,3.0,0.8
123,NGC 1889,05 22 35.3,-11 29 49,13.3,0.7,0.5
184,NGC 1961,05 42 04.4,+69 22 46,11.0,4.6,3.0
96,UGC 03528A,07 03 00.7,+86 36 12,14.8,0.8,0.6
96,UGC 03536A,07 03 22.3,+86 33 28,14.8,0.9,
141,UGC 03730,07 14 20.9,+73 28 51,12.5,2.8,1.5
141,UGC 03730,07 14 26.8,+73 28 53,16.9,,
25,NGC 2276,07 27 13.0,+85 45 20,11.4,2.8,2.7
114,NGC 2300,07 32 20.0,+85 42 31,12.1,2.8,2.0
250,IRAS F07327+3529,07 35 59.7,+35 22 52,15.0,,
165,NGC 2418,07 36 37.8,+17 53 06,12.2,1.8,
17,UGC 03972,07 44 32.7,+73 49 50,14.7,0.9,0.6
17,UGC 03972,07 44 38.5,+73 48 50,,1.1,0.6
143,NGC 2444,07 46 53.0,+39 01 55,13.2,1.2,0.8
143,NGC 2445,07 46 54.7,+39 01 01,13.3,1.4,1.1
82,NGC 2535,08 11 13.5,+25 12 26,12.8,2.5,1.2
82,NGC 2536,08 11 16.1,+25 10 45,14.2,0.9,0.6
6,NGC 2537,08 13 14.6,+45 59 28,12.3,1.7,1.5
9,NGC 2523,08 14 59.3,+73 34 49,11.9,3.0,1.8
268,Holmberg II,08 19 06.0,+70 42 51,10.7,8.0,6.3
247,IC 2338,08 23 32.6,+21 20 17,15.4,0.6,0.5
247,UGC 04383,08 23 33.0,+21 20 36,14.7,,
247,IC 2339,08 23 34.4,+21 20 54,15.4,1.1,0.6
58,UGC 04457,08 31 58.1,+19 12 48,14.2,1.8,1.0
12,NGC 2608,08 35 17.3,+28 28 24,12.2,2.3,1.4
243,NGC 2623,08 38 23.7,+25 45 16,13.4,,
243,NGC 2623,08 38 24.1,+25 45 01,13.4,2.4,0.7
243,NGC 2623,08 38 24.3,+25 45 17,,,
89,NGC 2648,08 42 40.1,+14 17 09,12.7,3.3,1.1
80,NGC 2633,08 48 06.6,+74 05 58,12.2,2.5,1.6
167,NGC 2672,08 49 22.3,+19 04 30,11.6,3.0,2.8
167,NGC 2673,08 49 24.1,+19 04 27,13.3,1.2,
7,MCG-03-23-009,08 50 17.6,-16 34 35,14.5,1.3,1.0
257,UGC 04638,08 51 37.9,-02 21 15,17.0,1.5,0.8
257,UGC 04638,08 51 38.3,-02 21 59,15.0,0.6,0.3
195,UGC 04653,08 53 50.2,+35 08 36,14.5,1.9,1.1
336,NGC 2685,08 55 35.2,+58 44 01,11.2,4.5,2.4
225,NGC 2655,08 55 38.8,+78 13 28,10.1,4.9,4.1
202,NGC 2719,09 00 15.4,+35 43 39,13.1,1.4,0.3
202,NGC 2719A,09 00 15.9,+35 43 12,13.5,0.9,0.6
287,NGC 2735,09 02 38.6,+25 56 06,13.3,1.2,0.4
287,NGC 2735A,09 02 41.8,+25 56 18,15.8,0.2,
215,NGC 2782,09 14 05.2,+40 06 51,11.7,3.5,2.6
55,UGC 04881,09 15 55.6,+44 19 57,14.9,1.0,0.9
55,UGC 04881,09 16 00.7,+44 21 08,16.6,,
283,NGC 2798,09 17 22.8,+41 59 58,12.3,2.6,1.0
283,NGC 2799,09 17 31.1,+41 59 38,14.0,1.9,0.5
315,NGC 2831,09 19 45.5,+33 44 40,12.3,1.4,
315,NGC 2832,09 19 46.8,+33 44 59,11.9,2.4,1.9
285,NGC 2854,09 24 02.9,+49 12 14,13.0,1.7,0.6
285,NGC 2856,09 24 16.3,+49 14 54,13.1,1.1,0.5
1,NGC 2857,09 24 37.6,+49 21 24,12.2,2.3,2.0
307,NGC 2872,09 25 42.5,+11 25 55,11.9,2.1,1.8
307,NGC 2874,09 25 47.3,+11 25 28,12.5,2.4,0.7
275,NGC 2881,09 25 54.9,-12 00 01,14.1,,
275,NGC 2881,09 25 54.9,-11 59 01,13.3,1.1,0.9
237,UGC 05044,09 27 43.5,+12 17 14,15.3,,
237,UGC 05044,09 27 44.4,+12 17 17,16.0,0.4,0.2
300,UGC 05028,09 27 50.2,+68 24 47,13.9,0.7,0.4
300,UGC 05029,09 28 02.5,+68 25 17,13.4,1.6,1.0
207,UGC 05050,09 31 06.8,+76 27 56,15.4,1.2,0.2
232,NGC 2911,09 33 46.5,+10 09 08,11.5,4.1,3.2
137,NGC 2914,09 34 02.7,+10 06 31,13.2,1.0,0.7
221,MCG-02-25-006,09 36 27.8,-11 19 43,14.0,1.3,1.1
142,UGC 05130,09 37 43.1,+02 46 15,14.4,,
142,NGC 2936,09 37 44.1,+02 45 38,13.5,1.3,1.1
142,NGC 2937,09 37 45.0,+02 44 50,13.6,2.1,0.7
321,MCG-01-25-009,09 38 53.2,-04 51 34,13.8,1.1,0.3
321,MCG-01-25-008,09 38 53.5,-04 50 56,15.7,1.4,1.1
321,MCG-01-25-012,09 38 55.0,-04 51 58,15.1,1.1,0.7
321,MCG-01-25-011,09 38 55.4,-04 51 28,17.4,0.7,0.3
321,MCG-01-25-010,09 38 55.7,-04 50 14,15.0,0.9,0.4
63,NGC 2944,09 39 16.7,+32 18 38,14.0,1.1,0.4
63,NGC 2944,09 39 19.6,+32 18 21,16.0,0.2,0.1
129,UGC 05146,09 39 24.4,+32 21 45,14.0,0.5,
129,UGC 05146,09 39 26.3,+32 21 54,16.1,0.8,0.4
253,UGCA 173,09 43 24.3,-05 16 46,16.1,1.3,0.2
253,UGCA 174,09 43 30.3,-05 16 47,14.3,1.2,0.4
252,ESO 566-IG007,09 44 58.4,-19 43 32,15.3,0.8,0.5
252,ESO 566-IG008,09 44 59.6,-19 42 45,15.6,0.7,0.5
245,NGC 2992,09 45 42.0,-14 19 35,12.2,3.6,1.1
245,NGC 2993,09 45 48.5,-14 22 05,12.6,1.4,0.9
303,IC 0563,09 46 20.4,+03 02 41,14.7,0.9,0.5
303,IC 0564,09 46 21.1,+03 04 14,14.1,1.7,0.4
255,UGC 05304,09 53 08.7,+07 52 50,14.3,1.1,0.9
292,IC 0575,09 54 33.0,-06 51 27,13.2,1.7,1.2
337,MESSIER 82,09 55 51.6,+69 40 46,8.4,11.4,4.3
174,NGC 3068,09 58 40.1,+28 52 39,14.3,0.9,0.8
264,NGC 3104,10 03 57.3,+40 45 25,13.1,3.4,2.3
338,Arp 338,10 10 59.5,-07 54 54,,,
316,NGC 3187,10 17 48.0,+21 52 23,13.4,3.0,1.3
316,NGC 3189,10 18 06.1,+21 49 53,12.0,4.4,1.6
316,NGC 3193,10 18 25.0,+21 53 34,10.9,3.0,2.7
94,NGC 3226,10 23 26.9,+19 53 54,11.4,3.2,2.8
94,NGC 3227,10 23 30.6,+19 51 54,10.3,5.4,3.7
43,IC 0607,10 24 15.4,+16 44 36,13.2,1.8,1.5
263,NGC 3239,10 25 05.5,+17 09 35,11.4,5.0,3.3
44,IC 0609,10 25 32.7,-02 13 16,14.1,1.5,0.7
181,NGC 3212,10 28 16.5,+79 49 24,13.1,1.6,1.1
181,NGC 3215,10 28 41.8,+79 48 48,13.0,1.1,1.1
233,UGC 05720,10 32 32.0,+54 24 03,13.4,1.0,0.9
53,NGC 3290,10 35 17.2,-17 16 30,14.4,1.0,0.5
267,UGC 05764,10 36 42.6,+31 32 51,14.7,2.0,1.2
192,NGC 3303,10 36 59.6,+18 08 13,14.3,3.1,2.2
217,NGC 3310,10 38 46.1,+53 30 07,10.8,3.1,2.4
156,UGC 05814,10 42 38.0,+77 29 40,15.0,1.3,0.7
291,UGC 05832,10 42 48.7,+13 27 34,13.7,1.2,1.0
270,NGC 3395,10 49 49.8,+32 58 50,12.1,2.1,1.2
270,NGC 3396,10 49 56.0,+32 59 24,12.2,3.1,1.2
162,NGC 3414,10 51 16.2,+27 58 29,10.8,3.6,2.6
206,UGC 05983,10 52 17.0,+36 35 43,17.0,0.9,0.7
107,UGC 05984,10 52 18.3,+30 04 03,14.6,1.9,1.2
107,UGC 05984,10 52 21.3,+30 05 03,14.6,,
206,NGC 3432,10 52 31.4,+36 37 12,11.3,6.8,1.5
24,NGC 3445,10 54 36.4,+56 59 27,12.6,1.6,1.5
205,NGC 3448,10 54 39.0,+54 18 23,12.0,5.7,1.8
24,UGC 06021,10 54 45.4,+56 58 00,12.8,0.5,0.1
198,UGC 06073,10 59 45.4,+17 38 54,15.3,1.3,0.9
148,MCG+07-23-019,11 04 00.1,+40 50 49,15.4,0.6,0.5
335,NGC 3509,11 04 23.7,+04 49 49,12.7,2.1,1.0
21,CGCG 155-056,11 04 58.5,+30 01 37,14.7,0.8,0.7
191,UGC 06175,11 07 19.6,+18 25 47,14.6,1.3,0.7
191,UGC 06175,11 07 20.4,+18 25 52,14.7,0.3,0.2
301,UGC 06204,11 09 51.5,+24 15 44,14.5,0.8,0.4
301,UGC 06207,11 09 54.3,+24 15 25,14.6,1.5,0.2
105,UGC 06224,11 11 12.9,+28 42 42,14.7,0.9,
105,NGC 3561,11 11 13.1,+28 41 45,15.0,0.7,
317,MESSIER 65,11 18 55.2,+13 05 35,9.3,9.9,2.9
132,CGCG 011-053,11 19 21.1,-03 05 26,15.5,0.4,0.3
16,MESSIER 66,11 20 14.9,+12 59 21,8.9,9.1,4.2
317,NGC 3628,11 20 16.2,+13 35 22,9.5,14.8,3.0
27,NGC 3631,11 21 02.6,+53 10 16,10.4,5.0,4.8
155,ARP 155,11 23 36.8,+53 49 31,,,
155,ARP 155,11 23 38.1,+53 50 03,,,
155,NGC 3656,11 23 38.4,+53 50 30,12.5,1.6,1.6
5,NGC 3664,11 24 24.8,+03 19 39,12.8,2.1,1.9
151,MRK 0040,11 25 36.1,+54 22 57,16.8,1.3,0.2
296,MCG+10-17-5,11 28 49.3,+58 35 26,15.7,0.7,0.4
299,MCG+10-17-2A,11 28 28.5,+58 34 33,,0.3,0.2
299,NGC 3690,11 28 33.4,+58 33 47,11.5,2.1,1.6
299,IC 0694,11 28 37.4,+58 33 28,11.3,1.2,1.0
197,IC 0701,11 31 00.4,+20 28 13,14.6,1.0,0.6
203,NGC 3712,11 31 09.1,+28 34 04,13.9,1.7,0.6
329,UGC 06514,11 32 05.5,+70 48 23,16.6,,
329,UGC 06514,11 32 05.7,+70 48 39,17.4,,
329,UGC 06514,11 32 06.9,+70 49 17,17.6,,
329,UGC 06514,11 32 06.9,+70 48 55,15.9,,
329,UGC 06514,11 32 07.6,+70 49 08,18.0,,
322,UGC 06527,11 32 32.7,+52 56 22,16.4,,
322,UGC 06527,11 32 35.3,+52 56 50,17.0,,
214,NGC 3718,11 32 35.6,+53 03 59,10.7,8.2,4.0
322,UGC 06527,11 32 36.7,+52 56 51,15.8,,
322,UGC 06527,11 32 40.2,+52 57 01,15.0,1.1,0.3
234,NGC 3738,11 35 48.4,+54 31 28,11.9,2.5,1.9
320,NGC 3746,11 37 43.6,+22 00 33,14.2,1.1,0.5
280,NGC 3769,11 37 44.4,+47 53 28,11.8,3.1,1.0
320,NGC 3745,11 37 44.5,+22 01 15,15.2,0.4,0.2
320,NGC 3748,11 37 49.1,+22 01 33,14.8,0.7,0.4
280,NGC 3769A,11 37 50.3,+47 52 53,14.2,1.1,0.5
320,NGC 3750,11 37 51.6,+21 58 27,13.9,0.8,0.7
320,NGC 3753,11 37 53.7,+21 58 51,13.6,1.7,0.5
320,NGC 3751,11 37 54.1,+21 56 10,13.9,0.8,0.5
320,NGC 3754,11 37 55.1,+21 59 08,15.1,0.4,0.3
294,NGC 3786,11 39 42.5,+31 54 33,12.3,2.2,1.3
294,NGC 3788,11 39 44.6,+31 55 52,12.6,2.2,0.7
83,NGC 3799,11 40 09.4,+15 19 38,14.0,0.8,0.5
83,NGC 3800,11 40 13.2,+15 20 34,12.7,2.0,0.6
87,NGC 3808,11 40 44.1,+22 25 40,13.4,1.7,0.9
87,NGC 3808A,11 40 44.3,+22 26 51,11.5,0.6,0.2
161,UGC 06665,11 42 12.3,+00 20 03,14.7,0.4,0.4
115,UGC 06678B,11 42 54.4,+26 17 21,15.8,0.5,0.5
115,UGC 06678C,11 42 54.4,+26 17 21,15.9,0.5,0.5
115,UGC 06678A,11 43 02.9,+26 16 36,15.5,0.9,0.5
248,MCG-01-30-32,11 46 34.9,-03 51 19,14.5,1.2,0.6
248,MCG-01-30-33,11 46 44.9,-03 50 34,14.1,1.8,0.7
248,MCG-01-30-34,11 46 49.6,-03 49 01,15.0,1.0,0.7
224,NGC 3921,11 51 06.6,+55 04 45,12.4,2.1,1.3
62,UGC 06865,11 53 35.9,+43 27 18,,1.2,0.5
62,UGC 06865,11 53 35.9,+43 27 18,14.7,,
289,NGC 3981,11 56 07.2,-19 53 42,11.0,5.3,2.3
313,NGC 3994,11 57 36.7,+32 16 41,12.7,1.1,0.6
313,NGC 3995,11 57 44.8,+32 17 42,12.4,2.8,1.1
194,UGC 06945,11 57 52.5,+36 23 18,14.9,1.2,0.8
305,NGC 4016,11 58 29.2,+27 31 44,13.3,1.6,0.8
138,NGC 4015,11 58 42.7,+25 02 11,14.0,0.9,0.2
138,NGC 4015,11 58 43.3,+25 02 40,14.2,1.4,1.4
305,NGC 4017,11 58 45.6,+27 27 11,12.2,1.8,1.4
22,ESO 572-G036,11 59 29.5,-19 19 54,14.9,0.9,0.6
22,NGC 4027,11 59 30.5,-19 15 48,11.2,3.2,2.4
244,NGC 4038,12 01 52.8,-18 51 54,10.7,5.3,3.1
244,NGC 4039,12 01 53.8,-18 53 06,10.3,3.1,1.6
18,NGC 4088,12 05 35.3,+50 32 31,10.5,5.8,2.3
97,UGC 07085A,12 05 45.3,+31 03 35,15.6,2.7,1.0
97,UGC 07085A,12 05 45.5,+31 04 45,15.7,0.4,0.3
260,UGC 07230,12 13 38.7,+16 07 19,14.8,1.4,0.9
160,NGC 4194,12 14 10.1,+54 31 40,12.5,1.8,1.1
106,NGC 4211,12 15 35.9,+28 10 38,13.6,1.0,
106,NGC 4211A,12 15 36.5,+28 10 08,14.7,1.5,
120,NGC 4435,12 27 40.4,+13 04 44,10.9,2.8,2.0
120,NGC 4438,12 27 45.5,+13 00 31,10.1,8.6,3.2
134,MESSIER 49,12 29 46.4,+07 59 47,8.4,10.3,8.4
269,NGC 4485,12 30 31.2,+41 41 58,12.0,2.3,1.6
269,NGC 4490,12 30 36.8,+41 38 23,9.8,6.4,3.1
152,MESSIER 87,12 30 49.4,+12 23 28,8.6,8.4,6.7
175,IC 3481,12 32 52.2,+11 24 15,13.3,0.8,0.6
175,IC 3481A,12 32 56.7,+11 23 23,13.6,0.2,
175,IC 3483,12 33 10.8,+11 20 39,15.0,0.6,0.4
76,MESSIER 90,12 36 49.8,+13 09 46,9.5,9.7,4.4
211,MCG+07-26-033,12 37 19.3,+38 43 30,17.0,0.4,0.4
211,MCG+07-26-034,12 37 19.3,+38 43 30,16.0,0.6,0.6
149,IC 0803B,12 39 42.4,+16 35 32,16.0,0.8,0.1
149,IC 0803A,12 39 42.4,+16 35 32,16.0,,
23,NGC 4618,12 41 32.4,+41 09 02,10.8,4.2,3.4
34,NGC 4615,12 41 37.4,+26 04 20,13.1,1.6,0.7
281,NGC 4627,12 41 59.6,+32 34 25,12.3,2.6,1.8
281,NGC 4631,12 42 05.8,+32 32 22,9.3,15.5,2.7
116,NGC 4647,12 43 32.3,+11 34 55,11.4,2.9,2.3
116,MESSIER 60,12 43 39.6,+11 33 10,8.8,7.5,6.1
189,NGC 4651,12 43 42.6,+16 23 40,10.8,4.0,2.7
163,NGC 4670,12 45 17.0,+27 07 31,12.7,1.5,1.1
242,NGC 4676A,12 46 10.1,+30 44 00,13.0,2.3,0.7
242,NGC 4676B,12 46 11.2,+30 43 28,13.2,2.2,0.8
159,NGC 4747,12 51 45.4,+25 46 28,12.4,3.5,1.2
265,IC 3862,12 53 53.2,+36 05 10,16.0,1.3,0.6
277,NGC 4809,12 54 50.9,+02 39 12,13.7,1.8,0.9
277,NGC 4810,12 54 51.2,+02 38 25,13.0,1.9,0.8
266,NGC 4861,12 59 01.7,+34 51 39,12.3,4.0,1.5
176,NGC 4933A,13 03 54.3,-11 30 22,11.7,1.0,0.8
176,NGC 4933B,13 03 56.7,-11 29 53,12.7,1.8,1.1
176,NGC 4933C,13 03 58.4,-11 30 05,17.5,0.5,0.5
139,MCG+05-31-135,13 07 24.1,+26 42 59,15.8,1.0,0.3
139,MCG+05-31-135,13 07 27.7,+26 43 24,16.3,1.0,0.3
196,ARP 196,13 14 35.4,+26 07 09,18.8,,
196,ARP 196,13 14 37.5,+26 07 26,16.0,,
60,ARP 060,13 14 47.3,+26 05 09,16.3,,
238,UGC 08335,13 15 29.4,+62 07 42,15.0,,
238,UGC 08335,13 15 35.2,+62 07 26,15.0,0.9,0.8
57,MCG+03-34-012,13 16 40.1,+14 26 12,15.5,0.9,0.6
57,CGCG 101-019,13 16 40.1,+14 25 12,14.8,0.5,0.3
193,IC 0883,13 20 35.3,+34 08 21,14.4,1.6,1.1
204,UGC 08454,13 22 45.9,+84 29 58,16.4,0.8,0.3
204,UGC 08454,13 22 49.6,+84 30 24,16.0,,
153,NGC 5128,13 25 27.6,-43 01 09,6.8,25.9,20.1
40,IC 4271,13 29 20.4,+37 24 31,15.0,0.8,0.5
85,MESSIER 51A,13 29 52.3,+47 11 54,8.4,11.4,7.0
85,MESSIER 51B,13 29 58.6,+47 16 04,9.6,5.8,4.6
334,UGC 08498,13 30 25.8,+31 37 13,13.6,2.8,1.0
104,NGC 5216,13 32 07.8,+62 42 03,12.6,2.5,1.5
104,NGC 5218,13 32 10.9,+62 46 03,12.3,1.8,1.3
36,UGC 08548,13 34 14.9,+31 25 31,15.0,1.3,0.6
183,UGC 08560,13 34 55.2,+31 23 33,14.6,1.3,1.2
288,NGC 5222,13 34 55.5,+13 44 30,13.1,1.6,1.2
288,NGC 5221,13 34 56.1,+13 49 55,13.0,2.4,0.8
326,UGC 08610,13 37 18.6,+06 28 44,15.4,1.0,1.2
33,UGC 08613,13 37 24.1,+06 26 10,15.3,1.4,0.6
33,UGC 08613,13 37 24.6,+06 25 45,15.0,1.4,0.6
240,NGC 5257,13 39 53.0,+00 50 22,12.9,1.8,0.9
240,NGC 5258,13 39 57.9,+00 49 55,12.9,1.7,1.1
239,NGC 5278,13 41 39.8,+55 40 11,12.7,1.4,1.0
239,NGC 5279,13 41 43.7,+55 40 22,14.2,0.6,0.4
84,NGC 5394,13 58 33.9,+37 27 13,13.0,1.8,1.0
84,NGC 5395,13 58 38.3,+37 25 32,11.4,2.9,1.6
111,NGC 5421,14 01 40.7,+33 49 45,13.4,1.2,0.9
111,MCG+06-31-046,14 01 41.1,+33 49 33,17.0,0.4,0.3
26,MESSIER 101,14 03 12.7,+54 21 02,7.9,28.9,27.0
271,NGC 5426,14 03 25.0,-06 04 10,12.2,3.0,1.6
271,NGC 5427,14 03 25.8,-06 01 50,11.4,2.8,2.4
117,IC 0982,14 09 59.0,+17 41 46,14.6,1.3,
117,IC 0983,14 10 04.3,+17 44 01,14.3,5.4,4.7
79,NGC 5490C,14 10 07.0,+17 36 55,13.9,1.2,0.8
199,NGC 5544,14 17 02.4,+36 34 20,13.4,1.0,
199,NGC 5545,14 17 04.9,+36 34 29,15.2,1.3,0.4
45,UGC 09178,14 19 27.0,+51 55 15,15.4,0.7,0.3
45,UGC 09178,14 19 51.0,+51 54 16,15.5,1.1,0.5
286,NGC 5560,14 20 04.8,+03 59 34,12.4,3.7,0.7
286,NGC 5566,14 20 20.4,+03 55 59,10.5,6.6,2.2
69,NGC 5579,14 20 26.4,+35 11 19,13.6,1.9,1.4
286,NGC 5569,14 20 32.0,+03 58 57,13.2,1.7,1.5
178,NGC 5613,14 24 05.9,+34 53 32,13.7,1.0,0.8
178,NGC 5615,14 24 06.4,+34 52 27,14.5,0.2,0.2
178,NGC 5614,14 24 07.5,+34 51 31,11.7,2.5,2.0
49,NGC 5665,14 32 25.5,+08 04 46,12.0,1.9,1.4
95,MCG+5-34-76,14 34 54.9,+26 29 55,15.8,0.4,0.2
95,IC 4461,14 35 01.9,+26 32 38,15.2,1.3,0.7
95,IC 4462,14 35 04.2,+26 32 27,16.0,0.3,0.3
274,NGC 5679,14 35 05.8,+05 20 55,13.0,1.1,0.6
274,NGC 5679A,14 35 08.4,+05 21 35,13.5,1.2,0.7
274,NGC 5679C,14 35 08.6,+05 21 27,15.0,0.2,0.1
241,UGC 09425,14 37 50.8,+30 28 53,15.0,1.1,0.6
171,IC 1042,14 40 37.1,+03 27 10,14.9,1.1,
171,NGC 5718,14 40 43.1,+03 27 11,12.9,1.5,1.1
297,NGC 5752,14 45 14.2,+38 43 44,15.3,0.5,0.2
297,NGC 5753,14 45 18.8,+38 48 21,14.8,0.4,0.4
297,NGC 5754,14 45 19.5,+38 43 53,13.1,2.0,1.8
297,NGC 5755,14 45 24.0,+38 46 49,14.1,1.3,1.0
64,UGC 09503,14 45 25.9,+19 27 53,15.0,1.5,0.4
47,CGCG 105-026,14 47 12.5,+18 51 33,16.6,,
47,ARP 047,14 47 12.5,+18 51 30,15.0,0.8,0.4
328,UGC 09532,14 47 53.4,+19 04 37,16.1,0.5,0.1
328,UGC 09532,14 47 54.8,+19 03 37,16.1,0.6,0.2
328,UGC 09532,14 47 55.0,+19 02 51,18.6,,
328,UGC 09532,14 47 55.2,+19 03 04,18.6,0.3,0.1
328,UGC 09532,14 47 55.8,+19 03 24,16.0,0.2,0.2
328,UGC 09532,14 47 56.1,+19 01 32,15.8,,
328,UGC 09532,14 47 56.9,+19 02 41,16.1,0.3,0.3
261,MCG-02-38-016,14 49 30.5,-10 10 23,13.4,,
261,ARP 261,14 49 32.7,-10 09 24,,,
261,ARP 261,14 49 32.7,-10 09 47,,,
261,ARP 261,14 49 32.9,-10 09 51,14.5,,
173,UGC 09561,14 51 26.2,+09 19 42,14.9,1.2,0.2
173,UGC 09561,14 51 27.9,+09 19 19,,,
177,MCG+04-35-017,14 55 48.5,+24 35 55,17.3,0.2,0.2
177,MCG+04-35-016,14 55 48.5,+24 35 55,18.0,0.4,0.1
302,UGC 09618,14 57 00.5,+24 36 20,15.3,0.9,0.2
302,UGC 09618,14 57 01.0,+24 37 01,14.6,0.7,0.7
136,NGC 5820,14 58 39.9,+53 53 10,12.5,1.7,1.1
42,IC 4526,15 02 38.3,+23 20 56,15.5,0.4,0.4
42,NGC 5829,15 02 42.1,+23 19 57,13.3,1.8,1.6
254,NGC 5917,15 21 32.2,-07 22 38,14.5,1.5,0.9
90,NGC 5929,15 26 06.1,+41 40 14,13.6,1.0,0.9
90,NGC 5930,15 26 07.9,+41 40 33,12.2,1.7,0.9
91,NGC 5953,15 34 32.3,+15 11 42,12.1,1.6,1.4
91,NGC 5954,15 34 34.8,+15 12 12,12.1,1.3,0.6
220,IC 4553,15 34 57.1,+23 30 16,13.1,1.5,1.2
220,IC 4554,15 34 57.3,+23 30 05,13.1,1.8,
220,IC 1127,15 34 57.3,+23 30 11,,,
72,NGC 5994,15 46 53.2,+17 52 21,14.2,0.4,0.2
72,NGC 5996,15 46 58.9,+17 53 08,12.8,1.8,0.9
109,UGC 10053,15 47 50.7,+69 28 10,15.0,1.2,0.7
109,UGC 10053,15 48 07.7,+69 27 33,15.2,0.5,0.4
218,CGCG 107-052,15 53 32.5,+18 36 10,15.4,0.9,0.5
218,ARP 218 18.0,15 53 32.5,+18 36 10,,0.9,0.5
218,ARP 218,15 53 36.9,+18 36 35,,1.1,0.8
324,UGC 10143C,16 02 08.9,+15 53 17,15.5,0.8,0.5
324,ARP 324,16 02 10.1,+15 54 59,15.3,,
324,UGC 10143,16 02 12.8,+15 54 26,15.2,,
324,UGC 10143B,16 02 13.3,+15 56 14,15.1,0.6,0.4
324,ARP 324,16 02 15.1,+15 56 58,,1.7,1.0
324,UGC 10143A,16 02 17.0,+15 58 27,14.2,,
101,UGC 10164,16 04 24.3,+14 46 51,15.5,1.1,0.9
122,NGC 6040B,16 04 26.3,+17 44 37,14.9,0.8,
122,NGC 6040A,16 04 26.8,+17 45 02,13.6,1.4,0.5
101,UGC 10169,16 04 31.6,+14 49 08,14.7,2.1,0.4
71,NGC 6045,16 05 07.8,+17 45 27,13.9,1.3,0.3
209,NGC 6052,16 05 12.6,+20 32 33,13.0,0.9,0.7
272,NGC 6054,16 05 30.5,+17 46 09,15.2,0.7,0.4
172,IC 1178,16 05 33.0,+17 36 05,15.2,1.1,0.9
172,IC 1181,16 05 33.6,+17 35 30,15.9,0.8,0.7
188,UGC 10214,16 06 03.4,+55 25 18,14.4,3.6,0.8
2,UGC 10310,16 16 18.2,+47 02 47,13.2,2.8,2.2
66,UGC 10396,16 26 52.9,+51 33 20,14.6,1.2,0.7
185,NGC 6217,16 32 40.0,+78 11 57,11.2,3.0,2.5
73,IC 1222,16 35 08.9,+46 12 50,13.5,1.7,1.4
125,UGC 10491,16 38 13.8,+41 55 51,13.6,1.1,0.4
125,UGC 10491,16 38 13.8,+41 56 19,15.5,,
330,I Zw 167,16 49 07.9,+53 25 53,,6.1,
103,UGC 10586,16 49 26.0,+45 27 30,14.6,1.4,
103,UGC 10586,16 49 28.3,+45 27 41,15.2,0.4,
103,UGC 10586,16 49 33.1,+45 29 53,14.6,0.4,
312,MCG+08-31-004,16 49 48.4,+46 43 05,14.1,1.1,0.9
312,ARP 312,16 49 50.2,+46 42 50,,,
208,MCG+08-31-011,16 51 01.3,+47 13 25,15.0,0.4,0.3
208,MCG+08-31-010,16 51 02.8,+47 13 15,14.8,0.4,0.3
293,NGC 6285,16 58 23.9,+58 57 21,13.5,1.3,0.7
293,NGC 6286,16 58 31.4,+58 56 13,13.3,1.3,1.2
32,UGC 10770A,17 13 07.6,+59 19 23,14.4,,
32,UGC 10770B,17 13 10.7,+59 19 58,14.3,1.2,0.6
124,NGC 6361,17 18 40.8,+60 36 24,13.1,2.2,0.6
102,UGC 10814A,17 19 14.4,+48 58 49,15.5,0.9,0.7
102,UGC 10814B,17 19 21.2,+49 02 25,14.9,0.9,0.6
102,MCG+08-31-042,17 19 29.9,+49 03 01,14.9,0.7,0.4
30,NGC 6365,17 22 42.9,+62 10 27,12.2,1.3,
30,NGC 6365A,17 22 43.3,+62 09 57,13.8,1.1,0.2
311,IC 1258,17 27 17.4,+58 29 08,14.4,0.9,0.7
310,IC 1259,17 27 24.9,+58 31 00,15.0,,
310,IC 1259,17 27 26.6,+58 30 57,15.0,,
311,IC 1260,17 27 31.6,+58 28 33,15.7,,
311,KAZ 140,17 27 31.7,+58 28 33,15.8,0.6,0.5
38,NGC 6412,17 29 36.2,+75 42 17,11.7,2.5,2.2
81,NGC 6621,18 12 54.6,+68 21 50,12.8,2.1,0.8
81,NGC 6622,18 13 00.1,+68 21 12,15.3,0.5,0.4
29,NGC 6946,20 34 52.2,+60 09 14,8.8,11.6,9.9
325,ESO 601- G 018,22 06 22.2,-21 04 21,18.1,1.7,0.7
325,ESO 601- G 018,22 06 23.2,-21 04 39,17.9,,
325,ESO 601- G 018,22 06 24.2,-21 04 45,16.1,,
169,NGC 7236,22 14 45.0,+13 50 46,13.0,0.7,0.7
169,NGC 7237,22 14 46.9,+13 50 26,13.6,0.7,0.7
278,NGC 7253A,22 19 26.2,+29 23 53,13.6,1.7,0.5
278,NGC 7253B,22 19 29.0,+29 23 11,14.2,1.6,0.5
226,NGC 7252,22 20 44.8,-24 40 43,11.4,2.0,1.6
93,NGC 7284,22 28 36.0,-24 50 39,11.9,2.1,1.5
93,NGC 7285,22 28 38.0,-24 50 27,11.9,2.4,1.4
14,NGC 7314,22 35 45.7,-26 03 03,10.9,4.6,2.1
319,NGC 7317,22 35 51.9,+33 56 41,13.6,1.1,1.1
319,NGC 7318A,22 35 56.7,+33 57 56,13.4,0.9,
319,NGC 7318B,22 35 58.4,+33 57 58,13.4,1.9,1.2
319,NGC 7319,22 36 03.5,+33 58 33,13.1,1.7,1.3
319,NGC 7320,22 36 04.1,+33 56 41,12.6,2.2,1.1
3,MCG-01-57-016,22 36 34.0,-02 54 19,13.4,2.5,2.1
15,NGC 7393,22 51 39.3,-05 33 28,12.6,2.0,0.9
110,MCG-03-58-011,22 54 08.8,-15 14 14,15.9,0.7,0.6
314,MCG-01-58-009,22 58 01.0,-03 46 08,13.7,1.1,0.9
314,MCG-01-58-010,22 58 07.0,-03 47 23,13.8,1.3,1.1
314,MCG-01-58-011,22 58 11.0,-03 48 55,16.0,1.1,0.9
13,NGC 7448,23 00 02.4,+15 59 22,11.6,2.7,1.2
298,NGC 7469,23 03 15.6,+08 52 26,12.3,1.5,1.1
298,IC 5283,23 03 18.1,+08 53 36,13.8,0.8,0.4
99,NGC 7547,23 15 03.6,+18 58 23,13.7,1.1,0.5
99,NGC 7550,23 15 16.0,+18 57 41,12.2,1.4,1.2
99,NGC 7549,23 15 17.2,+19 02 30,13.0,2.8,0.7
170,NGC 7578A,23 17 11.9,+18 42 03,13.8,1.4,
170,NGC 7578B,23 17 13.4,+18 42 28,13.8,1.1,
223,NGC 7585,23 18 02.1,-04 38 56,11.4,2.3,2.0
92,NGC 7603,23 18 56.6,+00 14 38,13.2,1.6,1.0
150,NGC 7609,23 19 29.9,+09 30 29,14.1,1.3,1.1
150,NGC 7609A,23 19 31.0,+09 30 10,15.0,,
212,NGC 7625,23 20 30.0,+17 13 32,12.1,1.6,1.5
182,NGC 7674,23 27 56.7,+08 46 45,13.2,1.1,1.0
182,UGC 12608,23 27 58.8,+08 46 58,13.6,0.2,0.2
28,NGC 7678,23 28 27.8,+22 25 16,11.8,2.4,1.7
216,NGC 7679,23 28 46.8,+03 30 41,12.9,1.4,0.9
216,NGC 7682,23 29 03.9,+03 32 00,13.2,1.2,1.1
46,UGC 12665,23 33 41.1,+30 02 35,15.0,1.2,0.9
284,NGC 7714,23 36 14.1,+02 09 18,12.5,1.9,1.4
284,NGC 7715,23 36 22.0,+02 09 24,14.2,2.6,0.5
222,NGC 7727,23 39 54.2,-12 17 31,10.6,4.7,3.6
295,MCG-01-60-021,23 41 47.9,-03 40 37,14.5,1.9,0.3
295,ARP 295,23 42 04.1,-03 35 21,14.6,0.9,0.5
86,NGC 7752,23 46 58.5,+29 27 32,14.3,0.8,0.5
86,NGC 7753,23 47 04.7,+29 29 01,12.0,3.3,2.1
68,NGC 7757,23 48 45.1,+04 10 24,12.7,2.5,1.8
323,NGC 7783,23 54 10.0,+00 22 58,13.0,1.3,0.6
323,NGC 7783B,23 54 12.0,+00 22 38,14.0,0.4,0.3
262,MCG+03-01-003,23 56 43.8,+16 48 27,14.6,0.5,0.4
262,UGC 12856,23 56 44.9,+16 48 45,13.2,2.4,
50,IC 1520,23 57 58.0,-14 01 48,14.0,0.5,0.5
